src_ip,dest_ip
10.79.196.92,10.79.196.124
10.79.196.236,10.79.196.112
10.79.196.69,10.79.196.213
10.79.196.215,10.79.196.162
10.79.196.4,10.79.196.119
10.79.196.161,10.79.196.123
10.79.196.95,10.79.196.76
10.79.196.254,10.79.196.125
10.79.196.170,10.79.196.146
10.79.196.19,10.79.196.143
10.79.196.69,10.79.196.24
10.79.196.42,10.79.196.139
10.79.196.67,10.79.196.20
10.79.196.123,10.79.196.207
10.79.196.181,10.79.196.111
10.79.196.20,10.79.196.17
10.79.196.235,10.79.196.0
10.79.196.129,10.79.196.48
10.79.196.213,10.79.196.89
10.79.196.210,10.79.196.218
10.79.196.208,10.79.196.115
10.79.196.85,10.79.196.47
10.79.196.191,10.79.196.83
10.79.196.172,10.79.196.106
10.79.196.230,10.79.196.191
10.15.15.249,10.79.196.43
10.79.196.215,10.79.196.35
10.79.196.182,10.79.196.26
10.79.196.55,10.79.196.50
10.79.196.233,10.79.196.236
10.79.196.161,10.79.196.253
10.79.196.254,10.79.196.140
10.79.196.254,10.79.196.127
10.79.196.189,10.79.196.211
10.79.196.216,10.79.196.143
10.79.196.173,10.79.196.168
10.79.196.3,10.79.196.3
10.79.196.215,10.79.196.194
10.79.196.86,10.79.196.131
10.79.196.44,10.79.196.60
10.79.196.66,10.79.196.37
10.79.196.104,10.79.196.26
10.79.196.72,10.79.196.30
10.79.196.52,10.79.196.128
10.79.196.80,10.79.196.30
10.79.196.108,10.79.196.241
10.79.196.27,10.79.196.106
10.79.196.126,10.79.196.25
10.79.196.234,10.79.196.59
10.79.196.237,10.79.196.194
10.79.196.202,10.79.196.154
10.15.15.107,10.79.196.205
10.79.196.157,10.79.196.66
10.79.196.144,10.79.196.244
10.79.196.198,10.79.196.188
10.79.196.48,10.79.196.8
10.79.196.226,10.79.196.152
10.79.196.34,10.79.196.42
10.79.196.183,10.79.196.87
10.79.196.170,10.79.196.7
10.79.196.117,10.79.196.23
10.79.196.249,10.79.196.144
10.79.196.129,10.79.196.119
10.79.196.170,10.79.196.107
10.79.196.178,10.79.196.151
10.79.196.46,10.79.196.124
10.79.196.49,10.79.196.153
10.79.196.74,10.79.196.207
10.79.196.219,10.79.196.218
10.79.196.195,10.79.196.161
10.79.196.150,10.79.196.243
10.79.196.170,10.79.196.120
10.79.196.140,10.79.196.204
10.79.196.163,10.79.196.67
10.79.196.35,10.79.196.77
10.79.196.74,10.79.196.152
10.79.196.100,10.79.196.67
10.15.15.41,10.79.196.230
10.79.196.186,10.79.196.211
10.79.196.81,10.79.196.108
10.79.196.106,10.79.196.127
10.79.196.233,10.79.196.155
10.79.196.24,10.79.196.51
10.79.196.106,10.79.196.244
10.79.196.13,10.79.196.45
10.79.196.149,10.79.196.163
10.79.196.33,10.79.196.63
10.79.196.28,10.79.196.173
10.79.196.12,10.79.196.191
10.79.196.240,10.79.196.47
10.79.196.12,10.79.196.58
10.79.196.200,10.79.196.113
10.79.196.126,10.79.196.241
10.79.196.87,10.79.196.56
10.79.196.196,10.79.196.168
10.79.196.165,10.79.196.46
10.79.196.40,10.79.196.142
10.79.196.201,10.79.196.64
10.79.196.193,10.79.196.52
10.79.196.52,10.79.196.206
10.79.196.97,10.79.196.202
10.79.196.113,10.79.196.130
10.79.196.9,10.79.196.141
10.15.15.47,10.79.196.21
10.79.196.76,10.79.196.31
10.79.196.69,10.79.196.89
10.79.196.90,10.79.196.13
10.79.196.202,10.79.196.216
10.79.196.254,10.79.196.33
10.79.196.16,10.79.196.194
10.79.196.201,10.79.196.181
10.79.196.240,10.79.196.241
10.79.196.67,10.79.196.185
10.79.196.50,10.79.196.4
10.79.196.237,10.79.196.102
10.79.196.210,10.79.196.79
10.79.196.48,10.79.196.68
10.79.196.209,10.79.196.58
10.79.196.209,10.79.196.1
10.79.196.79,10.79.196.30
10.79.196.32,10.79.196.148
10.79.196.119,10.79.196.122
10.79.196.161,10.79.196.65
10.79.196.82,10.79.196.159
10.79.196.98,10.79.196.99
10.79.196.97,10.79.196.43
10.79.196.24,10.79.196.81
10.79.196.29,10.79.196.92
10.79.196.11,10.79.196.79
10.15.15.96,10.79.196.248
